start	end	text
0	5920	Oké, die smileys kan je dus gebruiken om na het oplossen van de rekenoefening aan te geven
5920	8420	hoe zeker je bent van je antwoord.
9040	11980	Maar wat betekenen die smileys nu?
12620	18800	Als je heel zeker bent dat je antwoord juist is, dan druk je op de groene smiley.
19220	26280	Als je niet helemaal zeker bent, maar wel een beetje zeker bent dat het antwoord juist is,
26800	28940	dan druk je op de gele smiley.
28940	37140	Als je hard twijfelt en dus onzeker bent dat je antwoord juist is, dan druk je op de oranje smiley.
37800	45700	Als je heel erg hard twijfelt en dus heel onzeker bent over je antwoord en je misschien zelfs denkt dat het fout is,
46320	47960	druk je op de rode smiley.
